Bin Location,Zone,Aisle,Description
F01A001,Freezer,F01,"Frozen Rack 01, Level: A, Position # 001 -  Front"
F01A002,Freezer,F01,"Frozen Rack 01, Level: A, Position # 002 -  Back"
F01A003,Freezer,F01,"Frozen Rack 01, Level: A, Position # 003 -  Front"
F01A004,Freezer,F01,"Frozen Rack 01, Level: A, Position # 004 -  Back"
F01A005,Freezer,F01,"Frozen Rack 01, Level: A, Position # 005 -  Front"
F01A006,Freezer,F01,"Frozen Rack 01, Level: A, Position # 006 -  Back"
F01B001,Freezer,F01,"Frozen Rack 01, Level: B, Position # 001 -  Front"
F01B002,Freezer,F01,"Frozen Rack 01, Level: B, Position # 002 -  Back"
F01B003,Freezer,F01,"Frozen Rack 01, Level: B, Position # 003 -  Front"
F01B004,Freezer,F01,"Frozen Rack 01, Level: B, Position # 004 -  Back"
F01B005,Freezer,F01,"Frozen Rack 01, Level: B, Position # 005 -  Front"
F01B006,Freezer,F01,"Frozen Rack 01, Level: B, Position # 006 -  Back"
F02A001,Freezer,F02,"Frozen Rack 02, Level: A, Position # 001 -  Front"
F02A002,Freezer,F02,"Frozen Rack 02, Level: A, Position # 002 -  Back"
F02A003,Freezer,F02,"Frozen Rack 02, Level: A, Position # 003 -  Front"
F02A004,Freezer,F02,"Frozen Rack 02, Level: A, Position # 004 -  Back"
F02A005,Freezer,F02,"Frozen Rack 02, Level: A, Position # 005 -  Front"
F02A006,Freezer,F02,"Frozen Rack 02, Level: A, Position # 006 -  Back"
F02B001,Freezer,F02,"Frozen Rack 02, Level: B, Position # 001 -  Front"
F02B002,Freezer,F02,"Frozen Rack 02, Level: B, Position # 002 -  Back"
F02B003,Freezer,F02,"Frozen Rack 02, Level: B, Position # 003 -  Front"
F02B004,Freezer,F02,"Frozen Rack 02, Level: B, Position # 004 -  Back"
F02B005,Freezer,F02,"Frozen Rack 02, Level: B, Position # 005 -  Front"
F02B006,Freezer,F02,"Frozen Rack 02, Level: B, Position # 006 -  Back"
